Cell	Comparison	Batch	Group_1_n	Group_2_n	Difference_in_medians	Direction	P_value	FDR_within_batch
B cells naive	IPAH_vs_Control	2	9	9	0.0263841320060231	Higher_in_Group_1	0.042260106083956646	0.4354015565106587
B cells memory	IPAH_vs_Control	2	9	9	-0.0130977195259472	Lower_in_Group_1	0.0791639193655743	0.4354015565106587
Plasma cells	IPAH_vs_Control	2	9	9	-8.216089983619e-4	Lower_in_Group_1	0.035417716821894145	0.4354015565106587
T cells CD8	IPAH_vs_Control	2	9	9	-0.0022813243588716003	Lower_in_Group_1	0.6588432549492806	0.838237098500393
T cells CD4 naive	IPAH_vs_Control	2	9	9	0	No_difference	0.07724298088596988	0.4354015565106587
T cells CD4 memory resting	IPAH_vs_Control	2	9	9	-0.019826363714563977	Lower_in_Group_1	0.3772246166674534	0.5927815404774267
T cells CD4 memory activated	IPAH_vs_Control	2	9	9	-0.0095507505740503	Lower_in_Group_1	0.2154233946848984	0.5927815404774267
T cells follicular helper	IPAH_vs_Control	2	9	9	-0.003016451165344901	Lower_in_Group_1	0.42653799941096626	0.6255890658027504
T cells regulatory (Tregs)	IPAH_vs_Control	2	9	9	0.0028155673498009987	Higher_in_Group_1	1	1
T cells gamma delta	IPAH_vs_Control	2	9	9	0	No_difference	0.3740627974908826	0.5927815404774267
NK cells resting	IPAH_vs_Control	2	9	9	-0.006981458245201001	Lower_in_Group_1	0.7239320396139757	0.838237098500393
NK cells activated	IPAH_vs_Control	2	9	9	0.013056045900468702	Higher_in_Group_1	0.2509982704429227	0.5927815404774267
Monocytes	IPAH_vs_Control	2	9	9	0.0017287513034974014	Higher_in_Group_1	0.2509982704429227	0.5927815404774267
Macrophages M0	IPAH_vs_Control	2	9	9	0.0050470863053441	Higher_in_Group_1	0.15770438746307755	0.5927815404774267
Macrophages M1	IPAH_vs_Control	2	9	9	0.0016975662247401997	Higher_in_Group_1	0.21637300805763746	0.5927815404774267
Macrophages M2	IPAH_vs_Control	2	9	9	0.006800703335395999	Higher_in_Group_1	0.3772246166674534	0.5927815404774267
Dendritic cells resting	IPAH_vs_Control	2	9	9	1.5116736061689812e-4	Higher_in_Group_1	0.7239320396139757	0.838237098500393
Dendritic cells activated	IPAH_vs_Control	2	9	9	-1.682965155047969e-4	Lower_in_Group_1	1	1
Mast cells resting	IPAH_vs_Control	2	9	9	0.002714849912904202	Higher_in_Group_1	0.47992869214595724	0.6599019517006912
Mast cells activated	IPAH_vs_Control	2	9	9	0	No_difference	0.31770446866483665	0.5927815404774267
Eosinophils	IPAH_vs_Control	2	9	9	0.006863617917107399	Higher_in_Group_1	0.9294912236938482	1
Neutrophils	IPAH_vs_Control	2	9	9	-0.0013187535382639002	Lower_in_Group_1	0.28906586939723106	0.5927815404774267
B cells naive	IPAH_vs_Control	1	15	15	-0.024432487015152597	Lower_in_Group_1	0.02792505735330741	0.20478375392425432
B cells memory	IPAH_vs_Control	1	15	15	0.0147895522621807	Higher_in_Group_1	0.027143397979570227	0.20478375392425432
Plasma cells	IPAH_vs_Control	1	15	15	0.0033169466345644	Higher_in_Group_1	0.4058166035769002	0.9919961420768673
T cells CD8	IPAH_vs_Control	1	15	15	0.010965436960834192	Higher_in_Group_1	0.5897385933186072	1
T cells CD4 naive	IPAH_vs_Control	1	15	15	0	No_difference	0.5645292350986011	1
T cells CD4 memory resting	IPAH_vs_Control	1	15	15	-0.027150504250577023	Lower_in_Group_1	0.3614963660708982	0.9919961420768673
T cells CD4 memory activated	IPAH_vs_Control	1	15	15	0.007390011415570099	Higher_in_Group_1	0.360425626134099	0.9919961420768673
T cells follicular helper	IPAH_vs_Control	1	15	15	0	No_difference	0.8520631098283671	1
T cells regulatory (Tregs)	IPAH_vs_Control	1	15	15	-0.0048157434995187084	Lower_in_Group_1	0.8681678565418436	1
T cells gamma delta	IPAH_vs_Control	1	15	15	0	No_difference	1	1
NK cells resting	IPAH_vs_Control	1	15	15	-0.0067497666447383	Lower_in_Group_1	0.9831415685189673	1
NK cells activated	IPAH_vs_Control	1	15	15	-0.006197734256997406	Lower_in_Group_1	0.9669147771731937	1
Monocytes	IPAH_vs_Control	1	15	15	6.859614695712973e-4	Higher_in_Group_1	0.6482039260122094	1
Macrophages M0	IPAH_vs_Control	1	15	15	-0.0016077008744145999	Lower_in_Group_1	0.8357050269952793	1
Macrophages M1	IPAH_vs_Control	1	15	15	0.00063136537138590125	Higher_in_Group_1	0.9338864180775845	1
Macrophages M2	IPAH_vs_Control	1	15	15	0.0039801858090640005	Higher_in_Group_1	0.3832029541996128	0.9919961420768673
Dendritic cells resting	IPAH_vs_Control	1	15	15	0.003629753670547098	Higher_in_Group_1	0.3832029541996128	0.9919961420768673
Dendritic cells activated	IPAH_vs_Control	1	15	15	4.559078451231019e-4	Higher_in_Group_1	0.6186695570822622	1
Mast cells resting	IPAH_vs_Control	1	15	15	-0.001042338231522194	Lower_in_Group_1	0.7400217511938185	1
Mast cells activated	IPAH_vs_Control	1	15	15	0	No_difference	0.3939307490661609	0.9919961420768673
Eosinophils	IPAH_vs_Control	1	15	15	0.007530007147054599	Higher_in_Group_1	0.6781672665761016	1
Neutrophils	IPAH_vs_Control	1	15	15	-0.0041195092032054	Lower_in_Group_1	0.003690585198680715	0.08119287437097572
B cells naive	Female_vs_Male_within_IPAH	2	3	6	-0.03573548818683339	Lower_in_Group_1	0.24527811680677283	0.8136812448756902
B cells memory	Female_vs_Male_within_IPAH	2	3	6	2.098191664431e-4	Higher_in_Group_1	0.35738571603752656	0.8136812448756902
Plasma cells	Female_vs_Male_within_IPAH	2	3	6	0	No_difference	0.23859282931643547	0.8136812448756902
T cells CD8	Female_vs_Male_within_IPAH	2	3	6	-0.0097084546765875	Lower_in_Group_1	0.5186050164287257	0.9429182116885921
T cells CD4 naive	Female_vs_Male_within_IPAH	2	3	6	0	No_difference		
T cells CD4 memory resting	Female_vs_Male_within_IPAH	2	3	6	0.04670056759107849	Higher_in_Group_1	0.36615656019406057	0.8136812448756902
T cells CD4 memory activated	Female_vs_Male_within_IPAH	2	3	6	0.0207146829783554	Higher_in_Group_1	0.025601129177555793	0.5120225835511159
T cells follicular helper	Female_vs_Male_within_IPAH	2	3	6	0.007229629820845998	Higher_in_Group_1	0.8972789612600831	0.9445041697474559
T cells regulatory (Tregs)	Female_vs_Male_within_IPAH	2	3	6	-0.03165906915327599	Lower_in_Group_1	0.09328995618360465	0.8136812448756902
T cells gamma delta	Female_vs_Male_within_IPAH	2	3	6	0	No_difference		
NK cells resting	Female_vs_Male_within_IPAH	2	3	6	0.0018116760991754993	Higher_in_Group_1	0.8972789612600831	0.9445041697474559
NK cells activated	Female_vs_Male_within_IPAH	2	3	6	-2.480461982121984e-4	Lower_in_Group_1	0.5186050164287257	0.9429182116885921
Monocytes	Female_vs_Male_within_IPAH	2	3	6	-0.004266676443211603	Lower_in_Group_1	0.1555803477921979	0.8136812448756902
Macrophages M0	Female_vs_Male_within_IPAH	2	3	6	-0.0045059118204318	Lower_in_Group_1	0.8972789612600831	0.9445041697474559
Macrophages M1	Female_vs_Male_within_IPAH	2	3	6	-1.4118569055944843e-4	Lower_in_Group_1	0.6985353583033387	0.9445041697474559
Macrophages M2	Female_vs_Male_within_IPAH	2	3	6	-0.007520495439523604	Lower_in_Group_1	0.36615656019406057	0.8136812448756902
Dendritic cells resting	Female_vs_Male_within_IPAH	2	3	6	-0.003994703504923151	Lower_in_Group_1	0.6985353583033387	0.9445041697474559
Dendritic cells activated	Female_vs_Male_within_IPAH	2	3	6	-0.0042145713140936	Lower_in_Group_1	0.36615656019406057	0.8136812448756902
Mast cells resting	Female_vs_Male_within_IPAH	2	3	6	-0.007445789331659694	Lower_in_Group_1	0.8972789612600831	0.9445041697474559
Mast cells activated	Female_vs_Male_within_IPAH	2	3	6	0	No_difference	0.5958830905651777	0.9445041697474559
Eosinophils	Female_vs_Male_within_IPAH	2	3	6	-8.226334132111525e-4	Lower_in_Group_1	0.8968506656319674	0.9445041697474559
Neutrophils	Female_vs_Male_within_IPAH	2	3	6	0.0014063352139477006	Higher_in_Group_1	1	1
B cells naive	Female_vs_Male_within_IPAH	1	10	5	0.0018814303516934971	Higher_in_Group_1	0.9511702692969356	0.9511702692969356
B cells memory	Female_vs_Male_within_IPAH	1	10	5	-0.006882275799422402	Lower_in_Group_1	0.5746280705895831	0.6653588185774121
Plasma cells	Female_vs_Male_within_IPAH	1	10	5	-0.003961970542336699	Lower_in_Group_1	0.4478844782641118	0.6158411576131537
T cells CD8	Female_vs_Male_within_IPAH	1	10	5	-0.023203032684542456	Lower_in_Group_1	0.0026942620192959136	0.0592737644245101
T cells CD4 naive	Female_vs_Male_within_IPAH	1	10	5	0.02674677265037355	Higher_in_Group_1	0.023925843480626662	0.10527371131475732
T cells CD4 memory resting	Female_vs_Male_within_IPAH	1	10	5	-6.129021260984913e-4	Lower_in_Group_1	0.9511702692969356	0.9511702692969356
T cells CD4 memory activated	Female_vs_Male_within_IPAH	1	10	5	0.02113369233885595	Higher_in_Group_1	0.19684253402462457	0.39368506804924913
T cells follicular helper	Female_vs_Male_within_IPAH	1	10	5	-0.0075602687449634	Lower_in_Group_1	0.07067157083291442	0.2221106511891596
T cells regulatory (Tregs)	Female_vs_Male_within_IPAH	1	10	5	-0.0440968964576242	Lower_in_Group_1	0.12578642463894005	0.3074779268951868
T cells gamma delta	Female_vs_Male_within_IPAH	1	10	5	0	No_difference	0.5716076449533316	0.6653588185774121
NK cells resting	Female_vs_Male_within_IPAH	1	10	5	-0.024433662123827297	Lower_in_Group_1	0.6624546351884697	0.7287000987073168
NK cells activated	Female_vs_Male_within_IPAH	1	10	5	0.0213713047856535	Higher_in_Group_1	0.4259831165449188	0.6158411576131537
Monocytes	Female_vs_Male_within_IPAH	1	10	5	-0.007771951405260151	Lower_in_Group_1	0.008458415604633139	0.062028381100643015
Macrophages M0	Female_vs_Male_within_IPAH	1	10	5	0.01301075130639755	Higher_in_Group_1	0.008458415604633139	0.062028381100643015
Macrophages M1	Female_vs_Male_within_IPAH	1	10	5	-0.004409931465224901	Lower_in_Group_1	0.03208873397823132	0.11765869125351482
Macrophages M2	Female_vs_Male_within_IPAH	1	10	5	-0.002887563879198151	Lower_in_Group_1	0.5005594978181392	0.6477828795293566
Dendritic cells resting	Female_vs_Male_within_IPAH	1	10	5	-0.00703917796614395	Lower_in_Group_1	0.023341171265935854	0.10527371131475732
Dendritic cells activated	Female_vs_Male_within_IPAH	1	10	5	-0.0027734259440473016	Lower_in_Group_1	0.3583264667488803	0.5630844477482405
Mast cells resting	Female_vs_Male_within_IPAH	1	10	5	0.018567668783917288	Higher_in_Group_1	0.24462360512698336	0.4484766093994695
Mast cells activated	Female_vs_Male_within_IPAH	1	10	5	0	No_difference	0.34318933422896714	0.5630844477482405
Eosinophils	Female_vs_Male_within_IPAH	1	10	5	0.014019671909021897	Higher_in_Group_1	0.09824834872949124	0.2701829590061009
Neutrophils	Female_vs_Male_within_IPAH	1	10	5	-0.0048617517060909	Lower_in_Group_1	0.15899590887730153	0.3497909995300634
