Cell	Comparison	Analysis_layer	Group_1	Group_2	Group_1_n	Group_2_n	Group_1_median	Group_2_median	Difference_in_medians	P_value	FDR	Cliffs_delta	Absolute_delta	Direction	Magnitude
Monocytes	Female_vs_Male_within_IPAH	Primary	Female	Male	13	11	0.0410866034667516	0.0477852579979946	-0.00669865453124299	9.586703175410408e-4	0.01584005456654411	-0.8041958041958042	0.8041958041958042	Lower_in_Group_1	large
T cells CD8	Female_vs_Male_within_IPAH	Primary	Female	Male	13	11	0.0675738395230614	0.0810688072143864	-0.013494967691325	0.00144000496059491	0.01584005456654411	-0.7762237762237763	0.7762237762237763	Lower_in_Group_1	large
T cells CD4 memory activated	Female_vs_Male_within_IPAH	Primary	Female	Male	13	11	0.0211397826897193	3.095246296913e-4	0.02083025806002799	0.00463230674331119	0.02696449936825166	0.6853146853146853	0.6853146853146853	Higher_in_Group_1	large
T cells regulatory (Tregs)	Female_vs_Male_within_IPAH	Primary	Female	Male	13	11	0.06063316504634	0.124252914076814	-0.06361974903047402	0.00541993820585915	0.02696449936825166	-0.6783216783216783	0.6783216783216783	Lower_in_Group_1	large
T cells CD4 naive	Female_vs_Male_within_IPAH	Primary	Female	Male	13	11	0.0068071451661587	0	0.0068071451661587	0.00612829531096628	0.02696449936825166	0.5384615384615384	0.5384615384615384	Higher_in_Group_1	large
Macrophages M1	Female_vs_Male_within_IPAH	Primary	Female	Male	13	11	0.0095624302491275	0.0136076931222886	-0.0040452628731611	0.00913008036270764	0.03347696132992803	-0.6363636363636364	0.6363636363636364	Lower_in_Group_1	large
Dendritic cells resting	Female_vs_Male_within_IPAH	Primary	Female	Male	13	11	0.01487589883631	0.0226409650226071	-0.00776506618629709	0.02372876650877687	0.07457612331329874	-0.5524475524475524	0.5524475524475524	Lower_in_Group_1	large
T cells follicular helper	Female_vs_Male_within_IPAH	Primary	Female	Male	13	11	0	0.0087150722650175	-0.0087150722650175	0.0443808841344559	0.11942679689437943	-0.46853146853146854	0.46853146853146854	Lower_in_Group_1	medium
Macrophages M0	Female_vs_Male_within_IPAH	Primary	Female	Male	13	11	0.0274533310506335	0.0225195694184136	0.0049337616322199	0.04885641691133704	0.11942679689437943	0.4825174825174825	0.4825174825174825	Higher_in_Group_1	large
Macrophages M2	Female_vs_Male_within_IPAH	Primary	Female	Male	13	11	0.014547059539442	0.0229937268734426	-0.00844666733400059	0.16438404758801323	0.3091552091199464	-0.34265734265734266	0.34265734265734266	Lower_in_Group_1	medium
Mast cells activated	Female_vs_Male_within_IPAH	Primary	Female	Male	13	11	0	0	0	0.17055634401823636	0.3091552091199464	0.2727272727272727	0.2727272727272727	Higher_in_Group_1	small
Eosinophils	Female_vs_Male_within_IPAH	Primary	Female	Male	13	11	0.0309419981016169	0.0300988843077498	8.431137938671e-4	0.18230193206283948	0.3091552091199464	0.32867132867132864	0.32867132867132864	Higher_in_Group_1	small
T cells CD4 memory resting	Female_vs_Male_within_IPAH	Primary	Female	Male	13	11	0.414659518218473	0.398618387783093	0.01604113043538002	0.1826826235708774	0.3091552091199464	0.32867132867132864	0.32867132867132864	Higher_in_Group_1	small
B cells naive	Female_vs_Male_within_IPAH	Primary	Female	Male	13	11	0.0308564376577747	0.0404892703797502	-0.00963283272197549	0.22373076260023592	0.3515769126575136	-0.3006993006993007	0.3006993006993007	Lower_in_Group_1	small
Dendritic cells activated	Female_vs_Male_within_IPAH	Primary	Female	Male	13	11	0.0153115593406296	0.0188127071363973	-0.0035011477957677	0.297014144258047	0.43562074491180225	-0.25874125874125875	0.25874125874125875	Lower_in_Group_1	small
Neutrophils	Female_vs_Male_within_IPAH	Primary	Female	Male	13	11	0.0038740030817115	0.0086757443159304	-0.0048017412342189	0.3535155463163329	0.48608387618495774	-0.23076923076923078	0.23076923076923078	Lower_in_Group_1	small
T cells gamma delta	Female_vs_Male_within_IPAH	Primary	Female	Male	13	11	0	0	0	0.403018769211216	0.521553701332162	0.07692307692307693	0.07692307692307693	Higher_in_Group_1	negligible
Mast cells resting	Female_vs_Male_within_IPAH	Primary	Female	Male	13	11	0.0774903303823772	0.077350344909603	1.3998547277419005e-4	0.4869058162604925	0.5951071087628241	0.17482517482517482	0.17482517482517482	Higher_in_Group_1	small
NK cells resting	Female_vs_Male_within_IPAH	Primary	Female	Male	13	11	0.0129048122930154	0.0279868577640383	-0.01508204547102289	0.640457161550384	0.7415819765320236	-0.11888111888111888	0.11888111888111888	Lower_in_Group_1	negligible
B cells memory	Female_vs_Male_within_IPAH	Primary	Female	Male	13	11	0.0094085679767909	0	0.0094085679767909	0.7147076041668222	0.7563868610507078	0.09090909090909091	0.09090909090909091	Higher_in_Group_1	negligible
Plasma cells	Female_vs_Male_within_IPAH	Primary	Female	Male	13	11	0	0	0	0.7220056400938575	0.7563868610507078	0.08391608391608392	0.08391608391608392	Higher_in_Group_1	negligible
NK cells activated	Female_vs_Male_within_IPAH	Primary	Female	Male	13	11	0.052343818396039	0.0530830431654512	-7.392247694121973e-4	0.8620150697772326	0.8620150697772326	0.04895104895104895	0.04895104895104895	Higher_in_Group_1	negligible
Neutrophils	IPAH_vs_Control	Primary	IPAH	Control	24	24	0.00454400360923095	0.00828478314737425	-0.0037407795381433	0.00428836902410984	0.09434411853041666	-0.4826388888888889	0.4826388888888889	Lower_in_Group_1	large
Macrophages M0	IPAH_vs_Control	Primary	IPAH	Control	24	24	0.02591488304545969	0.02189060991625925	0.00402427312920044	0.24401479744248236	1	0.19791666666666666	0.19791666666666666	Higher_in_Group_1	small
Macrophages M2	IPAH_vs_Control	Primary	IPAH	Control	24	24	0.017326867885698	0.01460500981195905	0.00272185807373894	0.2609807185365587	1	0.1909722222222222	0.1909722222222222	Higher_in_Group_1	small
Monocytes	IPAH_vs_Control	Primary	IPAH	Control	24	24	0.04575428370309565	0.04160335002973775	0.0041509336733579	0.2611101618127957	1	0.1909722222222222	0.1909722222222222	Higher_in_Group_1	small
Dendritic cells resting	IPAH_vs_Control	Primary	IPAH	Control	24	24	0.0196719322153107	0.01720775907192235	0.00246417314338835	0.415118844715032	1	0.1388888888888889	0.1388888888888889	Higher_in_Group_1	negligible
T cells CD8	IPAH_vs_Control	Primary	IPAH	Control	24	24	0.0739170274582448	0.07127570399987054	0.00264132345837425	0.4153721596286532	1	0.1388888888888889	0.1388888888888889	Higher_in_Group_1	negligible
T cells CD4 memory resting	IPAH_vs_Control	Primary	IPAH	Control	24	24	0.40142897803303146	0.405016582364369	-0.00358760433133753	0.4153721596286532	1	-0.1388888888888889	0.1388888888888889	Lower_in_Group_1	negligible
B cells memory	IPAH_vs_Control	Primary	IPAH	Control	24	24	0.004809193571617	0.0017713467397774	0.0030378468318396	0.447796800246272	1	0.1232638888888889	0.1232638888888889	Higher_in_Group_1	negligible
Macrophages M1	IPAH_vs_Control	Primary	IPAH	Control	24	24	0.0113517472914366	0.0111201761233382	2.3157116809839964e-4	0.5027693732325638	1	0.11458333333333333	0.11458333333333333	Higher_in_Group_1	negligible
B cells naive	IPAH_vs_Control	Primary	IPAH	Control	24	24	0.03256003840827195	0.03118856057668615	0.00137147783158579	0.5567604652232558	1	-0.10069444444444445	0.10069444444444445	Lower_in_Group_1	negligible
T cells gamma delta	IPAH_vs_Control	Primary	IPAH	Control	24	24	0	0	0	0.5720009571087475	1	-0.041666666666666664	0.041666666666666664	Lower_in_Group_1	negligible
Eosinophils	IPAH_vs_Control	Primary	IPAH	Control	24	24	0.030777187293966	0.023580374761885	0.007196812532081	0.634998595940794	1	0.08159722222222222	0.08159722222222222	Higher_in_Group_1	negligible
NK cells activated	IPAH_vs_Control	Primary	IPAH	Control	24	24	0.0527134307807451	0.05253286916373155	1.8056161701354712e-4	0.6353110338817465	1	0.08159722222222222	0.08159722222222222	Higher_in_Group_1	negligible
Dendritic cells activated	IPAH_vs_Control	Primary	IPAH	Control	24	24	0.01741286943597775	0.0170061168310936	4.06752604884153e-4	0.7028592976964558	1	0.06597222222222222	0.06597222222222222	Higher_in_Group_1	negligible
T cells follicular helper	IPAH_vs_Control	Primary	IPAH	Control	24	24	0.00666443585395695	0	0.00666443585395695	0.8084282921687675	1	0.03993055555555555	0.03993055555555555	Higher_in_Group_1	negligible
T cells CD4 naive	IPAH_vs_Control	Primary	IPAH	Control	24	24	0	0	0	0.8573447753364989	1	-0.026041666666666668	0.026041666666666668	Lower_in_Group_1	negligible
Mast cells resting	IPAH_vs_Control	Primary	IPAH	Control	24	24	0.0774203376459901	0.0760481511373031	0.001372186508687	0.8608698044170197	1	0.03125	0.03125	Higher_in_Group_1	negligible
NK cells resting	IPAH_vs_Control	Primary	IPAH	Control	24	24	0.0259894736557864	0.030435996570225	-0.00444652291443859	0.87636482864747	1	-0.027777777777777776	0.027777777777777776	Lower_in_Group_1	negligible
T cells regulatory (Tregs)	IPAH_vs_Control	Primary	IPAH	Control	24	24	0.08906890615802515	0.09573274852017136	-0.0066638423621462	0.8933691314518538	1	-0.024305555555555556	0.024305555555555556	Lower_in_Group_1	negligible
Plasma cells	IPAH_vs_Control	Primary	IPAH	Control	24	24	0	8.513333289555e-5	-8.513333289555e-5	0.93728352840887	1	-0.013888888888888888	0.013888888888888888	Lower_in_Group_1	negligible
T cells CD4 memory activated	IPAH_vs_Control	Primary	IPAH	Control	24	24	0.01495617531590675	0.0125972480111304	0.00235892730477635	0.9917552787861964	1	-0.003472222222222222	0.003472222222222222	Lower_in_Group_1	negligible
Mast cells activated	IPAH_vs_Control	Primary	IPAH	Control	24	24	0	0	0	1	1	0.001736111111111111	0.001736111111111111	Higher_in_Group_1	negligible
Neutrophils	Female_IPAH_vs_Female_Control	Secondary	IPAH	Control	13	13	0.0038740030817115	0.0084257066593283	-0.0045517035776168	0.0010305486111253201	0.02267206944475711	-0.7633136094674556	0.7633136094674556	Lower_in_Group_1	large
T cells CD4 memory resting	Female_IPAH_vs_Female_Control	Secondary	IPAH	Control	13	13	0.414659518218473	0.463215710795987	-0.04855619257751398	0.06486987027995914	0.6154093761784207	-0.4319526627218935	0.4319526627218935	Lower_in_Group_1	medium
B cells memory	Female_IPAH_vs_Female_Control	Secondary	IPAH	Control	13	13	0.0094085679767909	0	0.0094085679767909	0.08932519147020075	0.6154093761784207	0.3727810650887574	0.3727810650887574	Higher_in_Group_1	medium
B cells naive	Female_IPAH_vs_Female_Control	Secondary	IPAH	Control	13	13	0.0308564376577747	0.0442880293731466	-0.01343159171537189	0.11189261385062196	0.6154093761784207	-0.3727810650887574	0.3727810650887574	Lower_in_Group_1	medium
T cells CD4 memory activated	Female_IPAH_vs_Female_Control	Secondary	IPAH	Control	13	13	0.0211397826897193	0.0128372757544723	0.00830250693524699	0.1583928218500246	0.6969284161401083	0.33136094674556216	0.33136094674556216	Higher_in_Group_1	medium
Macrophages M2	Female_IPAH_vs_Female_Control	Secondary	IPAH	Control	13	13	0.014547059539442	0.010566873730378	0.003980185809064	0.25841780884954685	0.8518639576018326	0.26627218934911245	0.26627218934911245	Higher_in_Group_1	small
Mast cells activated	Female_IPAH_vs_Female_Control	Secondary	IPAH	Control	13	13	0	0	0	0.29356260856788285	0.8518639576018326	0.1952662721893491	0.1952662721893491	Higher_in_Group_1	small
T cells regulatory (Tregs)	Female_IPAH_vs_Female_Control	Secondary	IPAH	Control	13	13	0.06063316504634	0.0549786339479721	0.00565453109836789	0.32954741929632086	0.8518639576018326	0.23076923076923078	0.23076923076923078	Higher_in_Group_1	small
T cells follicular helper	Female_IPAH_vs_Female_Control	Secondary	IPAH	Control	13	13	0	0	0	0.34848980083711334	0.8518639576018326	0.16568047337278108	0.16568047337278108	Higher_in_Group_1	small
Dendritic cells resting	Female_IPAH_vs_Female_Control	Secondary	IPAH	Control	13	13	0.01487589883631	0.0134193063866895	0.0014565924496205	0.4720305525898033	0.9455778146461364	0.17159763313609466	0.17159763313609466	Higher_in_Group_1	small
Eosinophils	Female_IPAH_vs_Female_Control	Secondary	IPAH	Control	13	13	0.0309419981016169	0.024975279178663	0.0059667189229539	0.4727889073230683	0.9455778146461364	0.17159763313609466	0.17159763313609466	Higher_in_Group_1	small
NK cells resting	Female_IPAH_vs_Female_Control	Secondary	IPAH	Control	13	13	0.0129048122930154	0.0043005742727627	0.00860423802025269	0.6005045650969236	0.999706200933856	0.1242603550295858	0.1242603550295858	Higher_in_Group_1	negligible
T cells CD4 naive	Female_IPAH_vs_Female_Control	Secondary	IPAH	Control	13	13	0.0068071451661587	0	0.0068071451661587	0.6077547128640621	0.999706200933856	0.11242603550295859	0.11242603550295859	Higher_in_Group_1	negligible
Monocytes	Female_IPAH_vs_Female_Control	Secondary	IPAH	Control	13	13	0.0410866034667516	0.0376587481220937	0.0034278553446579	0.6816178642730836	0.999706200933856	0.10059171597633136	0.10059171597633136	Higher_in_Group_1	negligible
Macrophages M0	Female_IPAH_vs_Female_Control	Secondary	IPAH	Control	13	13	0.0274533310506335	0.0285775300008141	-0.0011241989501806	0.6816178642730836	0.999706200933856	0.10059171597633136	0.10059171597633136	Higher_in_Group_1	negligible
T cells CD8	Female_IPAH_vs_Female_Control	Secondary	IPAH	Control	13	13	0.0675738395230614	0.0584491962242939	0.00912464329876749	0.9591007702858604	1	0.01775147928994083	0.01775147928994083	Higher_in_Group_1	negligible
Macrophages M1	Female_IPAH_vs_Female_Control	Secondary	IPAH	Control	13	13	0.0095624302491275	0.0091745271806739	3.8790306845360063e-4	0.9591007702858604	1	-0.01775147928994083	0.01775147928994083	Lower_in_Group_1	negligible
NK cells activated	Female_IPAH_vs_Female_Control	Secondary	IPAH	Control	13	13	0.052343818396039	0.0556104619216959	-0.00326664352565689	0.979540166147195	1	-0.011834319526627219	0.011834319526627219	Lower_in_Group_1	negligible
Plasma cells	Female_IPAH_vs_Female_Control	Secondary	IPAH	Control	13	13	0	0	0	1	1	0	0	No_difference	negligible
T cells gamma delta	Female_IPAH_vs_Female_Control	Secondary	IPAH	Control	13	13	0	0	0	1	1	-0.005917159763313609	0.005917159763313609	Lower_in_Group_1	negligible
Dendritic cells activated	Female_IPAH_vs_Female_Control	Secondary	IPAH	Control	13	13	0.0153115593406296	0.0189938460069709	-0.0036822866663413	1	1	-0.005917159763313609	0.005917159763313609	Lower_in_Group_1	negligible
Mast cells resting	Female_IPAH_vs_Female_Control	Secondary	IPAH	Control	13	13	0.0774903303823772	0.0755675929558006	0.0019227374265766	1	1	0.005917159763313609	0.005917159763313609	Higher_in_Group_1	negligible
