Cell	Comparison	Analysis_layer	Group_1	Group_2	Group_1_n	Group_2_n	Group_1_median	Group_2_median	Difference_in_medians	P_value	FDR
Monocytes	Female_vs_Male_within_IPAH	Primary	Female	Male	13	11	0.0410866034667516	0.0477852579979946	-0.006698654531242999	9.586703175410408e-4	0.015840054566544113
T cells CD8	Female_vs_Male_within_IPAH	Primary	Female	Male	13	11	0.0675738395230614	0.0810688072143864	-0.013494967691325008	0.0014400049605949193	0.015840054566544113
T cells CD4 memory activated	Female_vs_Male_within_IPAH	Primary	Female	Male	13	11	0.0211397826897193	3.095246296913e-4	0.020830258060027997	0.004632306743311193	0.026964499368251668
T cells regulatory (Tregs)	Female_vs_Male_within_IPAH	Primary	Female	Male	13	11	0.06063316504634	0.124252914076814	-0.06361974903047402	0.005419938205859153	0.026964499368251668
T cells CD4 naive	Female_vs_Male_within_IPAH	Primary	Female	Male	13	11	0.0068071451661587	0	0.0068071451661587	0.006128295310966288	0.026964499368251668
Macrophages M1	Female_vs_Male_within_IPAH	Primary	Female	Male	13	11	0.0095624302491275	0.0136076931222886	-0.0040452628731611	0.009130080362707647	0.033476961329928036
Dendritic cells resting	Female_vs_Male_within_IPAH	Primary	Female	Male	13	11	0.01487589883631	0.0226409650226071	-0.0077650661862970986	0.023728766508776873	0.07457612331329874
T cells follicular helper	Female_vs_Male_within_IPAH	Primary	Female	Male	13	11	0	0.0087150722650175	-0.0087150722650175	0.0443808841344559	0.11942679689437945
Macrophages M0	Female_vs_Male_within_IPAH	Primary	Female	Male	13	11	0.0274533310506335	0.0225195694184136	0.0049337616322199	0.04885641691133704	0.11942679689437945
Macrophages M2	Female_vs_Male_within_IPAH	Primary	Female	Male	13	11	0.014547059539442	0.0229937268734426	-0.008446667334000598	0.16438404758801325	0.3091552091199464
Mast cells activated	Female_vs_Male_within_IPAH	Primary	Female	Male	13	11	0	0	0	0.17055634401823636	0.3091552091199464
Eosinophils	Female_vs_Male_within_IPAH	Primary	Female	Male	13	11	0.0309419981016169	0.0300988843077498	8.431137938671e-4	0.18230193206283948	0.3091552091199464
T cells CD4 memory resting	Female_vs_Male_within_IPAH	Primary	Female	Male	13	11	0.414659518218473	0.398618387783093	0.016041130435380024	0.1826826235708774	0.3091552091199464
B cells naive	Female_vs_Male_within_IPAH	Primary	Female	Male	13	11	0.0308564376577747	0.0404892703797502	-0.009632832721975498	0.22373076260023594	0.3515769126575136
Dendritic cells activated	Female_vs_Male_within_IPAH	Primary	Female	Male	13	11	0.0153115593406296	0.0188127071363973	-0.0035011477957677013	0.297014144258047	0.43562074491180225
Neutrophils	Female_vs_Male_within_IPAH	Primary	Female	Male	13	11	0.0038740030817115	0.0086757443159304	-0.004801741234218901	0.3535155463163329	0.48608387618495774
T cells gamma delta	Female_vs_Male_within_IPAH	Primary	Female	Male	13	11	0	0	0	0.40301876921121604	0.521553701332162
Mast cells resting	Female_vs_Male_within_IPAH	Primary	Female	Male	13	11	0.0774903303823772	0.077350344909603	1.3998547277419005e-4	0.48690581626049245	0.5951071087628241
NK cells resting	Female_vs_Male_within_IPAH	Primary	Female	Male	13	11	0.0129048122930154	0.0279868577640383	-0.015082045471022898	0.640457161550384	0.7415819765320236
B cells memory	Female_vs_Male_within_IPAH	Primary	Female	Male	13	11	0.0094085679767909	0	0.0094085679767909	0.7147076041668222	0.7563868610507078
Plasma cells	Female_vs_Male_within_IPAH	Primary	Female	Male	13	11	0	0	0	0.7220056400938575	0.7563868610507078
NK cells activated	Female_vs_Male_within_IPAH	Primary	Female	Male	13	11	0.052343818396039	0.0530830431654512	-7.392247694121973e-4	0.8620150697772326	0.8620150697772326
Neutrophils	IPAH_vs_Control	Primary	IPAH	Control	24	24	0.00454400360923095	0.00828478314737425	-0.0037407795381433004	0.004288369024109848	0.09434411853041666
Macrophages M0	IPAH_vs_Control	Primary	IPAH	Control	24	24	0.025914883045459698	0.02189060991625925	0.004024273129200447	0.24401479744248236	1
Macrophages M2	IPAH_vs_Control	Primary	IPAH	Control	24	24	0.017326867885698	0.01460500981195905	0.0027218580737389496	0.2609807185365587	1
Monocytes	IPAH_vs_Control	Primary	IPAH	Control	24	24	0.04575428370309565	0.04160335002973775	0.0041509336733579	0.2611101618127957	1
Dendritic cells resting	IPAH_vs_Control	Primary	IPAH	Control	24	24	0.0196719322153107	0.01720775907192235	0.00246417314338835	0.415118844715032	1
T cells CD8	IPAH_vs_Control	Primary	IPAH	Control	24	24	0.0739170274582448	0.07127570399987054	0.002641323458374256	0.4153721596286532	1
T cells CD4 memory resting	IPAH_vs_Control	Primary	IPAH	Control	24	24	0.40142897803303146	0.405016582364369	-0.003587604331337535	0.4153721596286532	1
B cells memory	IPAH_vs_Control	Primary	IPAH	Control	24	24	0.004809193571617	0.0017713467397774	0.0030378468318396	0.447796800246272	1
Macrophages M1	IPAH_vs_Control	Primary	IPAH	Control	24	24	0.0113517472914366	0.0111201761233382	2.3157116809839964e-4	0.5027693732325638	1
B cells naive	IPAH_vs_Control	Primary	IPAH	Control	24	24	0.03256003840827195	0.03118856057668615	0.0013714778315857996	0.5567604652232558	1
T cells gamma delta	IPAH_vs_Control	Primary	IPAH	Control	24	24	0	0	0	0.5720009571087475	1
Eosinophils	IPAH_vs_Control	Primary	IPAH	Control	24	24	0.030777187293966002	0.023580374761885	0.007196812532081001	0.634998595940794	1
NK cells activated	IPAH_vs_Control	Primary	IPAH	Control	24	24	0.0527134307807451	0.05253286916373155	1.8056161701354712e-4	0.6353110338817465	1
Dendritic cells activated	IPAH_vs_Control	Primary	IPAH	Control	24	24	0.01741286943597775	0.0170061168310936	4.06752604884153e-4	0.7028592976964558	1
T cells follicular helper	IPAH_vs_Control	Primary	IPAH	Control	24	24	0.00666443585395695	0	0.00666443585395695	0.8084282921687675	1
T cells CD4 naive	IPAH_vs_Control	Primary	IPAH	Control	24	24	0	0	0	0.8573447753364989	1
Mast cells resting	IPAH_vs_Control	Primary	IPAH	Control	24	24	0.0774203376459901	0.0760481511373031	0.0013721865086870066	0.8608698044170197	1
NK cells resting	IPAH_vs_Control	Primary	IPAH	Control	24	24	0.025989473655786403	0.030435996570225	-0.004446522914438596	0.87636482864747	1
T cells regulatory (Tregs)	IPAH_vs_Control	Primary	IPAH	Control	24	24	0.08906890615802515	0.09573274852017136	-0.006663842362146205	0.8933691314518538	1
Plasma cells	IPAH_vs_Control	Primary	IPAH	Control	24	24	0	8.513333289555e-5	-8.513333289555e-5	0.9372835284088699	1
T cells CD4 memory activated	IPAH_vs_Control	Primary	IPAH	Control	24	24	0.01495617531590675	0.0125972480111304	0.0023589273047763502	0.9917552787861963	1
Mast cells activated	IPAH_vs_Control	Primary	IPAH	Control	24	24	0	0	0	1	1
Neutrophils	Female_IPAH_vs_Female_Control	Secondary	IPAH	Control	13	13	0.0038740030817115	0.0084257066593283	-0.004551703577616801	0.0010305486111253234	0.022672069444757113
T cells CD4 memory resting	Female_IPAH_vs_Female_Control	Secondary	IPAH	Control	13	13	0.414659518218473	0.463215710795987	-0.04855619257751398	0.06486987027995914	0.6154093761784207
B cells memory	Female_IPAH_vs_Female_Control	Secondary	IPAH	Control	13	13	0.0094085679767909	0	0.0094085679767909	0.08932519147020075	0.6154093761784207
B cells naive	Female_IPAH_vs_Female_Control	Secondary	IPAH	Control	13	13	0.0308564376577747	0.0442880293731466	-0.013431591715371897	0.11189261385062195	0.6154093761784207
T cells CD4 memory activated	Female_IPAH_vs_Female_Control	Secondary	IPAH	Control	13	13	0.0211397826897193	0.0128372757544723	0.008302506935246999	0.1583928218500246	0.6969284161401083
Macrophages M2	Female_IPAH_vs_Female_Control	Secondary	IPAH	Control	13	13	0.014547059539442	0.010566873730378	0.0039801858090640005	0.25841780884954685	0.8518639576018326
Mast cells activated	Female_IPAH_vs_Female_Control	Secondary	IPAH	Control	13	13	0	0	0	0.29356260856788285	0.8518639576018326
T cells regulatory (Tregs)	Female_IPAH_vs_Female_Control	Secondary	IPAH	Control	13	13	0.06063316504634	0.0549786339479721	0.0056545310983678945	0.32954741929632086	0.8518639576018326
T cells follicular helper	Female_IPAH_vs_Female_Control	Secondary	IPAH	Control	13	13	0	0	0	0.34848980083711334	0.8518639576018326
Dendritic cells resting	Female_IPAH_vs_Female_Control	Secondary	IPAH	Control	13	13	0.01487589883631	0.0134193063866895	0.0014565924496205002	0.4720305525898033	0.9455778146461365
Eosinophils	Female_IPAH_vs_Female_Control	Secondary	IPAH	Control	13	13	0.0309419981016169	0.024975279178663	0.0059667189229539	0.4727889073230683	0.9455778146461365
NK cells resting	Female_IPAH_vs_Female_Control	Secondary	IPAH	Control	13	13	0.0129048122930154	0.0043005742727627	0.008604238020252699	0.6005045650969236	0.9997062009338559
T cells CD4 naive	Female_IPAH_vs_Female_Control	Secondary	IPAH	Control	13	13	0.0068071451661587	0	0.0068071451661587	0.6077547128640621	0.9997062009338559
Monocytes	Female_IPAH_vs_Female_Control	Secondary	IPAH	Control	13	13	0.0410866034667516	0.0376587481220937	0.0034278553446579	0.6816178642730836	0.9997062009338559
Macrophages M0	Female_IPAH_vs_Female_Control	Secondary	IPAH	Control	13	13	0.0274533310506335	0.0285775300008141	-0.0011241989501806007	0.6816178642730836	0.9997062009338559
T cells CD8	Female_IPAH_vs_Female_Control	Secondary	IPAH	Control	13	13	0.0675738395230614	0.0584491962242939	0.009124643298767499	0.9591007702858605	1
Macrophages M1	Female_IPAH_vs_Female_Control	Secondary	IPAH	Control	13	13	0.0095624302491275	0.0091745271806739	3.8790306845360063e-4	0.9591007702858605	1
NK cells activated	Female_IPAH_vs_Female_Control	Secondary	IPAH	Control	13	13	0.052343818396039	0.0556104619216959	-0.0032666435256568996	0.979540166147195	1
Plasma cells	Female_IPAH_vs_Female_Control	Secondary	IPAH	Control	13	13	0	0	0	1	1
T cells gamma delta	Female_IPAH_vs_Female_Control	Secondary	IPAH	Control	13	13	0	0	0	1	1
Dendritic cells activated	Female_IPAH_vs_Female_Control	Secondary	IPAH	Control	13	13	0.0153115593406296	0.0189938460069709	-0.0036822866663413015	1	1
Mast cells resting	Female_IPAH_vs_Female_Control	Secondary	IPAH	Control	13	13	0.0774903303823772	0.0755675929558006	0.0019227374265766012	1	1
